Country,ISO
Afghanistan,AFG
Albania,ALB
Algeria,DZA
American Samoa,ASM
Andorra,AND
Angola,AGO
Anguilla,AIA
Antarctica,ATA
Antigua & Barbuda,ATG
Argentina,ARG
Armenia,ARM
Aruba,ABW
Australia,AUS
Austria,AUT
Azerbaijan,AZE
Bahamas,BHS
Bahrain,BHR
Bangladesh,BGD
Barbados,BRB
Belarus,BLR
Belgium,BEL
Belize,BLZ
Benin,BEN
Bermuda,BMU
Bhutan,BTN
Bolivia,BOL
"Bonaire, Sint Eustatius & Saba",BES
Bosnia & Herzegovina,BIH
Botswana,BWA
Bouvet Island,BVT
Brazil,BRA
British Indian Ocean Territory,IOT
Brunei,BRN
Bulgaria,BGR
Burkina Faso,BFA
Burundi,BDI
Cape Verde,CPV
Cambodia,KHM
Cameroon,CMR
Canada,CAN
Cayman Islands,CYM
Central African Republic,CAF
Chad,TCD
Chile,CHL
China,CHN
Christmas Island,CXR
Cocos (Keeling) Islands,CCK
Colombia,COL
Comoros,COM
Congo,COD
Congo,COG
Cook Islands,COK
Costa Rica,CRI
Croatia,HRV
Cuba,CUB
Curaçao,CUW
Cyprus,CYP
Czechia,CZE
Côte d’Ivoire,CIV
Denmark,DNK
Djibouti,DJI
Dominica,DMA
Dominican Republic,DOM
Ecuador,ECU
Egypt,EGY
El Salvador,SLV
Equatorial Guinea,GNQ
Eritrea,ERI
Estonia,EST
Eswatini,SWZ
Ethiopia,ETH
Falkland Islands (Islas Malvinas),FLK
Faroe Islands,FRO
Fiji,FJI
Finland,FIN
France,FRA
French Guiana,GUF
French Polynesia,PYF
French Southern Territories,ATF
Gabon,GAB
Gambia,GMB
Georgia,GEO
Germany,DEU
Ghana,GHA
Gibraltar,GIB
Greece,GRC
Greenland,GRL
Grenada,GRD
Guadeloupe,GLP
Guam,GUM
Guatemala,GTM
Guernsey,GGY
Guinea,GIN
Guinea-Bissau,GNB
Guyana,GUY
Haiti,HTI
Heard & McDonald Islands,HMD
Holy See,VAT
Honduras,HND
Hong Kong,HKG
Hungary,HUN
Iceland,ISL
India,IND
Indonesia,IDN
Iran,IRN
Iraq,IRQ
Ireland,IRL
Isle of Man,IMN
Israel,ISR
Italy,ITA
Jamaica,JAM
Japan,JPN
Jersey,JEY
Jordan,JOR
Kazakhstan,KAZ
Kenya,KEN
Kiribati,KIR
North Korea,PRK
South Korea,KOR
Kuwait,KWT
Kyrgyzstan,KGZ
Laos,LAO
Latvia,LVA
Lebanon,LBN
Lesotho,LSO
Liberia,LBR
Libya,LBY
Liechtenstein,LIE
Lithuania,LTU
Luxembourg,LUX
Macao,MAC
Madagascar,MDG
Malawi,MWI
Malaysia,MYS
Maldives,MDV
Mali,MLI
Malta,MLT
Marshall Islands,MHL
Martinique,MTQ
Mauritania,MRT
Mauritius,MUS
Mayotte,MYT
Mexico,MEX
Micronesia,FSM
Moldova,MDA
Monaco,MCO
Mongolia,MNG
Montenegro,MNE
Montserrat,MSR
Morocco,MAR
Mozambique,MOZ
Myanmar,MMR
Namibia,NAM
Nauru,NRU
Nepal,NPL
Netherlands,NLD
New Caledonia,NCL
New Zealand,NZL
Nicaragua,NIC
Niger,NER
Nigeria,NGA
Niue,NIU
Norfolk Island,NFK
North Macedonia,MKD
Northern Mariana Islands,MNP
Norway,NOR
Oman,OMN
Pakistan,PAK
Palau,PLW
Palestine,PSE
Panama,PAN
Papua New Guinea,PNG
Paraguay,PRY
Peru,PER
Philippines,PHL
Pitcairn Islands,PCN
Poland,POL
Portugal,PRT
Puerto Rico,PRI
Qatar,QAT
Romania,ROU
Russia,RUS
Rwanda,RWA
Réunion,REU
St. Barthélemy,BLM
St. Helena,SHN
St. Kitts & Nevis,KNA
St. Lucia,LCA
St. Martin,MAF
St. Pierre & Miquelon,SPM
St. Vincent & Grenadines,VCT
Samoa,WSM
San Marino,SMR
São Tomé & Príncipe,STP
Saudi Arabia,SAU
Senegal,SEN
Serbia,SRB
Seychelles,SYC
Sierra Leone,SLE
Singapore,SGP
Sint Maarten,SXM
Slovakia,SVK
Slovenia,SVN
Solomon Islands,SLB
Somalia,SOM
South Africa,ZAF
South Georgia & South Sandwich Islands,SGS
South Sudan,SSD
Spain,ESP
Sri Lanka,LKA
Sudan,SDN
Suriname,SUR
Svalbard & Jan Mayen,SJM
Sweden,SWE
Switzerland,CHE
Syria,SYR
Taiwan,TWN
Tajikistan,TJK
Tanzania,TZA
Thailand,THA
Timor-Leste,TLS
Togo,TGO
Tokelau,TKL
Tonga,TON
Trinidad & Tobago,TTO
Tunisia,TUN
Turkey,TUR
Turkmenistan,TKM
Turks & Caicos Islands,TCA
Tuvalu,TUV
Uganda,UGA
Ukraine,UKR
United Arab Emirates,ARE
United Kingdom,GBR
U.S. Outlying Islands,UMI
United States,USA
Uruguay,URY
Uzbekistan,UZB
Vanuatu,VUT
Venezuela,VEN
Vietnam,VNM
British Virgin Islands,VGB
U.S. Virgin Islands,VIR
Wallis & Futuna,WLF
Western Sahara,ESH
Yemen,YEM
Zambia,ZMB
Zimbabwe,ZWE
Åland Islands,ALA
